{
    "rmse": 4.663993597012033,
    "mae": 3.396054481392344,
    "r2": 0.6948271325532367
}