{
    "rmse": 6.288159780488959,
    "mae": 3.9613649400630027,
    "r2": 0.6165269690850589
}