{
    "rmse": 5.229102609628587,
    "mae": 3.5786793972871447,
    "r2": 0.6409961236882951
}